{"deg": {"trigger_idx": 106, "accu": 0.5803571428571429, "timeCost": 638.0679697990417}, "min": {"trigger_idx": 82, "accu": 0.5714285714285714, "timeCost": 638.3593089580536}, "btw": {"trigger_idx": 91, "accu": 0.7053571428571429, "timeCost": 1462.6216337680817}, "eig": {"trigger_idx": 82, "accu": 0.5714285714285714, "timeCost": 859.8525733947754}}