{"length: 1 mode: deg": {"trigger_idx": [82], "accu": 0.5714285714285714, "timeCost": 992.6306567192078}, "length: 1 mode: min": {"trigger_idx": [106], "accu": 0.5357142857142857, "timeCost": 946.7149651050568}, "length: 1 mode: btw": {"trigger_idx": [80], "accu": 0.7410714285714286, "timeCost": 938.4616959095001}, "length: 1 mode: eig": {"trigger_idx": [106], "accu": 0.5892857142857143, "timeCost": 938.4162719249725}, "length: 2 mode: deg": {"trigger_idx": [106, 106], "accu": 0.5178571428571429, "timeCost": 936.9213075637817}, "length: 2 mode: min": {"trigger_idx": [106, 106], "accu": 0.5535714285714286, "timeCost": 936.5684282779694}, "length: 2 mode: btw": {"trigger_idx": [106, 106], "accu": 0.5714285714285714, "timeCost": 937.3475587368011}, "length: 2 mode: eig": {"trigger_idx": [106, 106], "accu": 0.5357142857142857, "timeCost": 934.8087739944458}, "length: 3 mode: deg": {"trigger_idx": [106, 106, 106], "accu": 0.5803571428571429, "timeCost": 955.478107213974}, "length: 3 mode: min": {"trigger_idx": [106, 106, 106], "accu": 0.4732142857142857, "timeCost": 954.6713514328003}, "length: 3 mode: btw": {"trigger_idx": [106, 106, 106], "accu": 0.5892857142857143, "timeCost": 954.6159300804138}, "length: 3 mode: eig": {"trigger_idx": [82, 106, 82], "accu": 0.6428571428571429, "timeCost": 957.419516324997}}