{"length: 1 mode: deg": {"trigger_idx": [82], "accu": 0.5714285714285714, "timeCost": 26.204448223114014}, "length: 1 mode: min": {"trigger_idx": [80], "accu": 0.7142857142857143, "timeCost": 26.095378160476685}, "length: 1 mode: btw": {"trigger_idx": [82], "accu": 0.6160714285714286, "timeCost": 35.91714525222778}, "length: 1 mode: eig": {"trigger_idx": [80], "accu": 0.7410714285714286, "timeCost": 27.93085765838623}, "length: 2 mode: deg": {"trigger_idx": [82, 82], "accu": 0.6339285714285714, "timeCost": 31.269752502441406}, "length: 2 mode: min": {"trigger_idx": [82, 80], "accu": 0.7321428571428571, "timeCost": 32.05509853363037}, "length: 2 mode: btw": {"trigger_idx": [80, 80], "accu": 0.6964285714285714, "timeCost": 40.782365560531616}, "length: 2 mode: eig": {"trigger_idx": [82, 82], "accu": 0.6517857142857143, "timeCost": 34.32508659362793}, "length: 3 mode: deg": {"trigger_idx": [80, 80, 80], "accu": 0.75, "timeCost": 35.05792713165283}, "length: 3 mode: min": {"trigger_idx": [82, 82, 82], "accu": 0.48214285714285715, "timeCost": 36.3398277759552}, "length: 3 mode: btw": {"trigger_idx": [80, 80, 80], "accu": 0.7321428571428571, "timeCost": 44.15145707130432}, "length: 3 mode: eig": {"trigger_idx": [82, 82, 82], "accu": 0.625, "timeCost": 38.27803564071655}}